{
  "best_strategy": "baseline_raw",
  "f1_dev": 0.7857945361955195,
  "f1_holdout": 0.7823448267659819,
  "difference": -0.003449709429537595,
  "baseline_f1": 0.7857945361955195
}