{
  "train_loss": [
    2.422497069492044,
    1.4283815087606002,
    1.181485102472707,
    1.0292703356288224,
    0.9236545930548412,
    0.8311603394553825,
    0.7555655253567876,
    0.6862104698586093,
    0.6302130563428291,
    0.5736323346055532,
    0.5260983749067704,
    0.4819839248636081,
    0.44563850238754055,
    0.41098587549975074,
    0.38673595768583324
  ],
  "train_acc": [
    33.03630820399113,
    57.94761640798226,
    64.3999445676275,
    68.77771618625277,
    71.66574279379158,
    74.38054323725055,
    76.52716186252772,
    78.69456762749445,
    80.31873614190687,
    82.10781596452328,
    83.46313747228382,
    84.84894678492239,
    86.22782705099779,
    87.11474501108647,
    87.83536585365853
  ],
  "val_loss": [
    1.5996638868088113,
    1.2263092047588569,
    1.0845809211408286,
    1.049180614544933,
    1.0171422994226442,
    0.9830140609639629,
    0.9951492300756594,
    1.0024462045732896,
    0.9988934153452852,
    1.0139703675170888,
    1.0427393120034296,
    1.0570081424593627,
    1.08485132844227,
    1.0921379575006347,
    1.111183395287148
  ],
  "val_acc": [
    53.48563353744701,
    63.42439943476213,
    67.31826032344168,
    68.1268644999215,
    69.36724760558957,
    70.3485633537447,
    70.3093107238185,
    70.51342439943477,
    70.87454859475585,
    70.87454859475585,
    70.63118228921337,
    70.92950227665254,
    70.41921808761187,
    70.88239912074108,
    70.52912545140525
  ]
}